{"cameraMode":{"drawMode":0,"name":"Shaded","section":"Shading Mode"},"sceneLighting":false,"audioPlay":false,"sceneViewState":{"m_AlwaysRefresh":false,"showFog":true,"showSkybox":false,"showFlares":true,"showImageEffects":true,"showParticleSystems":true,"showVisualEffectGraphs":true,"m_FxEnabled":true},"in2DMode":false,"pivot":{"x":1073.1824951171875,"y":-31.601959228515626,"z":1500.3585205078125},"rotation":{"x":0.0628732293844223,"y":0.09089004248380661,"z":-0.01521865464746952,"w":-0.9953557848930359},"size":37.062931060791019,"orthographic":false}